{
  "IcoMoonType": "selection",
  "icons": [
    {
      "icon": {
        "paths": [
          "M481.706 571.735c3.966 3.999 8.685 7.173 13.884 9.344 5.199 2.166 10.776 3.277 16.409 3.277s11.209-1.111 16.411-3.277c5.197-2.171 9.917-5.345 13.885-9.344l195.41-195.838c3.968-3.999 8.689-7.173 13.885-9.339 5.202-2.166 10.778-3.281 16.41-3.281s11.208 1.115 16.41 3.281c5.197 2.166 9.917 5.341 13.885 9.339 7.946 7.994 12.406 18.808 12.406 30.080s-4.46 22.086-12.406 30.080l-195.84 195.838c-24.003 23.972-56.535 37.437-90.456 37.437-33.92 0-66.453-13.466-90.454-37.437l-195.84-195.838c-7.882-7.947-12.326-18.673-12.374-29.866-0.032-5.615 1.044-11.182 3.167-16.38s5.252-9.927 9.206-13.914c3.966-3.999 8.686-7.173 13.885-9.339s10.776-3.281 16.409-3.281c5.633 0 11.209 1.115 16.409 3.281s9.918 5.341 13.884 9.339l195.414 195.838z"
        ],
        "attrs": [],
        "isMulticolor": false,
        "isMulticolor2": false,
        "grid": 0,
        "tags": [
          "arrow_down_donate"
        ],
        "colorPermutations": {}
      },
      "attrs": [],
      "properties": {
        "order": 9,
        "id": 16,
        "name": "arrow_down_donate",
        "prevSize": 32
      },
      "setIdx": 0,
      "setId": 2,
      "iconIdx": 0
    },
    {
      "icon": {
        "paths": [
          "M725.332 426.668h-597.332",
          "M896 256h-768",
          "M896 597.332h-768",
          "M725.332 768h-597.332"
        ],
        "attrs": [
          {
            "fill": "none",
            "strokeLinejoin": "round",
            "strokeLinecap": "round",
            "strokeMiterlimit": "4",
            "strokeWidth": 73.14285714285714
          },
          {
            "fill": "none",
            "strokeLinejoin": "round",
            "strokeLinecap": "round",
            "strokeMiterlimit": "4",
            "strokeWidth": 73.14285714285714
          },
          {
            "fill": "none",
            "strokeLinejoin": "round",
            "strokeLinecap": "round",
            "strokeMiterlimit": "4",
            "strokeWidth": 73.14285714285714
          },
          {
            "fill": "none",
            "strokeLinejoin": "round",
            "strokeLinecap": "round",
            "strokeMiterlimit": "4",
            "strokeWidth": 73.14285714285714
          }
        ],
        "isMulticolor": false,
        "isMulticolor2": false,
        "grid": 0,
        "tags": [
          "align-left"
        ],
        "colorPermutations": {
          "12341986912462462461255255255179462321": [
            {},
            {},
            {},
            {}
          ]
        }
      },
      "attrs": [
        {
          "fill": "none",
          "strokeLinejoin": "round",
          "strokeLinecap": "round",
          "strokeMiterlimit": "4",
          "strokeWidth": 73.14285714285714
        },
        {
          "fill": "none",
          "strokeLinejoin": "round",
          "strokeLinecap": "round",
          "strokeMiterlimit": "4",
          "strokeWidth": 73.14285714285714
        },
        {
          "fill": "none",
          "strokeLinejoin": "round",
          "strokeLinecap": "round",
          "strokeMiterlimit": "4",
          "strokeWidth": 73.14285714285714
        },
        {
          "fill": "none",
          "strokeLinejoin": "round",
          "strokeLinecap": "round",
          "strokeMiterlimit": "4",
          "strokeWidth": 73.14285714285714
        }
      ],
      "properties": {
        "order": 10,
        "id": 15,
        "name": "align-left",
        "prevSize": 32
      },
      "setIdx": 0,
      "setId": 2,
      "iconIdx": 1
    },
    {
      "icon": {
        "paths": [
          "M101.344 96h1717.331l-771.94 872.63c-23.003 25.996-54.198 40.599-86.725 40.599-32.526 0-63.722-14.604-86.725-40.599l-771.941-872.63z"
        ],
        "attrs": [],
        "width": 1920,
        "isMulticolor": false,
        "isMulticolor2": false,
        "grid": 0,
        "tags": [
          "arrow_down_user"
        ],
        "colorPermutations": {
          "12341986912462462461255255255179462321": []
        }
      },
      "attrs": [],
      "properties": {
        "order": 11,
        "id": 14,
        "name": "arrow_down_user",
        "prevSize": 32
      },
      "setIdx": 0,
      "setId": 2,
      "iconIdx": 2
    },
    {
      "icon": {
        "paths": [
          "M113.771 512h1137.779M1251.55 512l-426.668-426.667M1251.55 512l-426.668 426.667"
        ],
        "attrs": [
          {
            "fill": "none",
            "strokeLinejoin": "round",
            "strokeLinecap": "round",
            "strokeMiterlimit": "4",
            "strokeWidth": 170.66666666666666
          }
        ],
        "width": 1365,
        "isMulticolor": false,
        "isMulticolor2": false,
        "grid": 0,
        "tags": [
          "arrow_right"
        ],
        "colorPermutations": {
          "12341986912462462461255255255179462321": [
            {}
          ]
        }
      },
      "attrs": [
        {
          "fill": "none",
          "strokeLinejoin": "round",
          "strokeLinecap": "round",
          "strokeMiterlimit": "4",
          "strokeWidth": 170.66666666666666
        }
      ],
      "properties": {
        "order": 12,
        "id": 13,
        "name": "arrow_right",
        "prevSize": 32
      },
      "setIdx": 0,
      "setId": 2,
      "iconIdx": 3
    },
    {
      "icon": {
        "paths": [
          "M34.904 809.891l781.964-784.291c9.309-9.309 19.394-15.888 30.255-19.735 10.861-3.91 22.497-5.865 34.909-5.865s24.048 1.955 34.909 5.865c10.861 3.848 20.95 10.426 30.259 19.735l784.291 784.291c21.718 21.721 32.582 48.873 32.582 81.455s-11.636 60.509-34.909 83.782c-23.273 23.273-50.427 34.909-81.455 34.909-31.037 0-58.182-11.636-81.455-34.909l-684.223-684.218-684.218 684.218c-21.722 21.718-48.47 32.582-80.244 32.582-31.837 0-59.392-11.636-82.665-34.909s-34.909-50.425-34.909-81.455c0-31.030 11.636-58.182 34.909-81.455z"
        ],
        "attrs": [],
        "width": 1769,
        "isMulticolor": false,
        "isMulticolor2": false,
        "grid": 0,
        "tags": [
          "arrow_top"
        ],
        "colorPermutations": {
          "12341986912462462461255255255179462321": []
        }
      },
      "attrs": [],
      "properties": {
        "order": 13,
        "id": 12,
        "name": "arrow_top",
        "prevSize": 32
      },
      "setIdx": 0,
      "setId": 2,
      "iconIdx": 4
    },
    {
      "icon": {
        "paths": [
          "M1120.963 837.818l-360.723-325.818M449.936 512l-360.725 325.818M62.057 240.486l443.38 310.366c35.905 25.135 53.853 37.697 73.384 42.566 17.245 4.301 35.286 4.301 52.536 0 19.526-4.869 37.478-17.431 73.379-42.566l443.383-310.366M322.711 946.427h564.752c91.238 0 136.858 0 171.706-17.757 30.65-15.621 55.575-40.541 71.191-71.196 17.757-34.849 17.757-80.468 17.757-171.702v-347.541c0-91.238 0-136.857-17.757-171.705-15.616-30.653-40.541-55.575-71.191-71.194-34.849-17.756-80.468-17.756-171.706-17.756h-564.752c-91.237 0-136.856 0-171.704 17.756-30.653 15.619-55.575 40.541-71.194 71.194-17.756 34.848-17.756 80.467-17.756 171.705v347.541c0 91.234 0 136.853 17.756 171.702 15.619 30.655 40.541 55.575 71.194 71.196 34.848 17.757 80.467 17.757 171.704 17.757z"
        ],
        "attrs": [
          {
            "fill": "none",
            "strokeLinejoin": "round",
            "strokeLinecap": "round",
            "strokeMiterlimit": "4",
            "strokeWidth": 93.0909090909091
          }
        ],
        "width": 1210,
        "isMulticolor": false,
        "isMulticolor2": false,
        "grid": 0,
        "tags": [
          "letter"
        ],
        "colorPermutations": {
          "12341986912462462461255255255179462321": [
            {
              "s": 0
            }
          ]
        }
      },
      "attrs": [
        {
          "fill": "none",
          "strokeLinejoin": "round",
          "strokeLinecap": "round",
          "strokeMiterlimit": "4",
          "strokeWidth": 93.0909090909091
        }
      ],
      "properties": {
        "order": 14,
        "id": 11,
        "name": "letter",
        "prevSize": 32
      },
      "setIdx": 0,
      "setId": 2,
      "iconIdx": 5
    },
    {
      "icon": {
        "paths": [
          "M760.887 462.221v-149.332c0-137.457-111.428-248.889-248.887-248.889-137.457 0-248.889 111.431-248.889 248.889v149.332M302.933 960h418.133c83.635 0 125.453 0 157.397-16.277 28.096-14.315 50.944-37.163 65.259-65.259 16.277-31.945 16.277-73.762 16.277-157.397v-19.913c0-83.635 0-125.449-16.277-157.393-14.315-28.1-37.163-50.944-65.259-65.263-31.945-16.277-73.762-16.277-157.397-16.277h-418.133c-83.634 0-125.452 0-157.396 16.277-28.099 14.319-50.944 37.163-65.261 65.263-16.276 31.945-16.276 73.758-16.276 157.393v19.913c0 83.635 0 125.453 16.276 157.397 14.317 28.096 37.162 50.944 65.261 65.259 31.944 16.277 73.762 16.277 157.396 16.277z"
        ],
        "attrs": [
          {
            "fill": "none",
            "strokeLinejoin": "round",
            "strokeLinecap": "round",
            "strokeMiterlimit": "4",
            "strokeWidth": 85.33333333333333
          }
        ],
        "isMulticolor": false,
        "isMulticolor2": false,
        "grid": 0,
        "tags": [
          "lock"
        ],
        "colorPermutations": {
          "12341986912462462461255255255179462321": [
            {
              "s": 0
            }
          ]
        }
      },
      "attrs": [
        {
          "fill": "none",
          "strokeLinejoin": "round",
          "strokeLinecap": "round",
          "strokeMiterlimit": "4",
          "strokeWidth": 85.33333333333333
        }
      ],
      "properties": {
        "order": 15,
        "id": 10,
        "name": "lock",
        "prevSize": 32
      },
      "setIdx": 0,
      "setId": 2,
      "iconIdx": 6
    },
    {
      "icon": {
        "paths": [
          "M1110.367 246.811c-24.307-12.603-49.647-23.106-76.023-32.032v631.728c-58.958-21.531-119.467-32.558-181.011-32.558-98.262 0-195.491 28.357-284.444 82.971v-635.405c-83.782-48.837-180.493-77.72-284.444-77.72-92.573 0-179.976 23.106-257.034 63.016-17.067 8.402-27.41 26.781-27.41 46.211v634.355c0 30.458 24.307 51.989 51.717 51.989 8.275 0 16.55-2.101 24.824-6.301 62.578-33.085 132.914-54.090 207.903-54.090 107.055 0 205.833 43.061 284.444 105.026 78.611-61.965 177.389-105.026 284.444-105.026 74.989 0 145.325 21.005 207.902 54.613 8.275 4.202 16.551 6.301 24.824 6.301 26.893 0 51.718-21.529 51.718-51.987v-634.88c0-19.429-10.344-37.808-27.411-46.211zM465.455 846.507c-58.958-21.531-119.467-32.558-181.011-32.558s-122.052 11.027-181.010 32.558v-520.402c57.406-24.68 117.915-37.283 181.010-37.283 62.060 0 123.604 13.128 181.011 37.808v519.877zM930.909 0l-258.587 262.565v498.87l258.587-236.307v-525.128z"
        ],
        "attrs": [],
        "width": 1138,
        "isMulticolor": false,
        "isMulticolor2": false,
        "grid": 0,
        "tags": [
          "logo_type_plug"
        ],
        "colorPermutations": {
          "12341986912462462461255255255179462321": []
        }
      },
      "attrs": [],
      "properties": {
        "order": 16,
        "id": 7,
        "name": "logo_type_plug",
        "prevSize": 32
      },
      "setIdx": 0,
      "setId": 2,
      "iconIdx": 7
    },
    {
      "icon": {
        "paths": [
          "M384 128h256M128 256h768M810.668 256l-29.924 448.824c-4.487 67.337-6.735 101.008-21.276 126.538-12.805 22.472-32.121 40.541-55.398 51.824-26.438 12.814-60.183 12.814-127.67 12.814h-128.799c-67.488 0-101.232 0-127.672-12.814-23.278-11.283-42.592-29.352-55.397-51.824-14.544-25.53-16.788-59.201-21.278-126.538l-29.922-448.824M426.667 448v213.332M597.332 448v213.332"
        ],
        "attrs": [
          {
            "fill": "none",
            "strokeLinejoin": "round",
            "strokeLinecap": "round",
            "strokeMiterlimit": "4",
            "strokeWidth": 93.0909090909091
          }
        ],
        "isMulticolor": false,
        "isMulticolor2": false,
        "grid": 0,
        "tags": [
          "trash"
        ],
        "colorPermutations": {
          "12341986912462462461255255255179462321": [
            {}
          ]
        }
      },
      "attrs": [
        {
          "fill": "none",
          "strokeLinejoin": "round",
          "strokeLinecap": "round",
          "strokeMiterlimit": "4",
          "strokeWidth": 93.0909090909091
        }
      ],
      "properties": {
        "order": 17,
        "id": 4,
        "name": "trash",
        "prevSize": 32
      },
      "setIdx": 0,
      "setId": 2,
      "iconIdx": 8
    },
    {
      "icon": {
        "paths": [
          "M170.671 938.668c0-90.527 35.962-177.346 99.974-241.362 64.012-64.011 150.832-99.969 241.359-99.969 90.528 0 177.347 35.959 241.358 99.969 64.016 64.016 99.975 150.835 99.975 241.362h-682.666zM512.004 554.668c-141.44 0-256-114.561-256-256.001s114.56-256 256-256c141.442 0 256.001 114.56 256.001 256s-114.559 256.001-256.001 256.001z"
        ],
        "attrs": [],
        "isMulticolor": false,
        "isMulticolor2": false,
        "grid": 0,
        "tags": [
          "user"
        ],
        "colorPermutations": {
          "12341986912462462461255255255179462321": []
        }
      },
      "attrs": [],
      "properties": {
        "order": 18,
        "id": 2,
        "name": "user",
        "prevSize": 32
      },
      "setIdx": 0,
      "setId": 2,
      "iconIdx": 9
    },
    {
      "icon": {
        "paths": [
          "M910.222 113.778l-796.444 796.444M113.778 113.778l796.444 796.444"
        ],
        "attrs": [
          {
            "fill": "none",
            "strokeLinejoin": "round",
            "strokeLinecap": "round",
            "strokeMiterlimit": "4",
            "strokeWidth": 170.66666666666666
          }
        ],
        "isMulticolor": false,
        "isMulticolor2": false,
        "grid": 0,
        "tags": [
          "x-close"
        ],
        "colorPermutations": {
          "12341986912462462461255255255179462321": [
            {}
          ]
        }
      },
      "attrs": [
        {
          "fill": "none",
          "strokeLinejoin": "round",
          "strokeLinecap": "round",
          "strokeMiterlimit": "4",
          "strokeWidth": 170.66666666666666
        }
      ],
      "properties": {
        "order": 19,
        "id": 0,
        "name": "x-close",
        "prevSize": 32
      },
      "setIdx": 0,
      "setId": 2,
      "iconIdx": 10
    }
  ],
  "height": 1024,
  "preferences": {
    "showGlyphs": true,
    "showQuickUse": true,
    "showQuickUse2": true,
    "showSVGs": true,
    "fontPref": {
      "prefix": "icon-",
      "metadata": {
        "fontFamily": "icomoon"
      },
      "metrics": {
        "emSize": 1024,
        "baseline": 6.25,
        "whitespace": 50
      },
      "embed": false
    },
    "imagePref": {
      "prefix": "icon-",
      "png": true,
      "useClassSelector": true,
      "color": 0,
      "bgColor": 16777215,
      "classSelector": ".icon",
      "name": "icomoon"
    },
    "historySize": 50,
    "showCodes": true,
    "gridSize": 16
  }
}